Sampleid	Group	Time
ERR2247316	FODMAP	t0
ERR2247317	Yoga	t1
ERR2247318	FODMAP	t1
ERR2247319	FODMAP	t1
ERR2247320	Yoga	t1
ERR2247321	Yoga	t0
ERR2247322	Yoga	t0
ERR2247323	FODMAP	t0
ERR2247324	Yoga	t0
ERR2247325	FODMAP	t0
ERR2247326	Yoga	t0
ERR2247327	FODMAP	t0
ERR2247328	Yoga	t0
ERR2247329	FODMAP	t0
ERR2247330	FODMAP	t0
ERR2247331	FODMAP	t0
ERR2247332	Yoga	t0
ERR2247333	Yoga	t0
ERR2247334	Yoga	t0
ERR2247335	FODMAP	t0
ERR2247336	Yoga	t0
ERR2247337	FODMAP	t0
ERR2247338	FODMAP	t0
ERR2247339	FODMAP	t0
ERR2247340	FODMAP	t0
ERR2247341	Yoga	t0
ERR2247342	Yoga	t0
ERR2247343	Yoga	t0
ERR2247344	Yoga	t0
ERR2247345	Yoga	t0
ERR2247346	Yoga	t0
ERR2247347	Yoga	t0
ERR2247348	FODMAP	t0
ERR2247349	FODMAP	t0
ERR2247350	FODMAP	t0
ERR2247351	FODMAP	t0
ERR2247352	FODMAP	t0
ERR2247353	Yoga	t0
ERR2247354	FODMAP	t0
ERR2247355	FODMAP	t0
ERR2247356	FODMAP	t0
ERR2247357	Yoga	t0
ERR2247358	Yoga	t0
ERR2247359	Yoga	t0
ERR2247360	FODMAP	t1
ERR2247361	FODMAP	t1
ERR2247362	FODMAP	t1
ERR2247363	FODMAP	t1
ERR2247364	FODMAP	t1
ERR2247365	FODMAP	t1
ERR2247366	FODMAP	t1
ERR2247367	FODMAP	t1
ERR2247368	FODMAP	t1
ERR2247369	Yoga	t0
ERR2247370	FODMAP	t1
ERR2247371	Yoga	t1
ERR2247372	Yoga	t1
ERR2247373	Yoga	t1
ERR2247374	Yoga	t1
ERR2247375	Yoga	t1
ERR2247376	Yoga	t1
ERR2247377	Yoga	t1
ERR2247378	Yoga	t1
ERR2247379	Yoga	t1
ERR2247380	FODMAP	t0
ERR2247381	Yoga	t1
ERR2247382	Yoga	t1
ERR2247383	Yoga	t1
ERR2247384	Yoga	t1
ERR2247385	FODMAP	t1
ERR2247386	Yoga	t1
ERR2247387	Yoga	t1
ERR2247388	Yoga	t1
ERR2247389	Yoga	t1
ERR2247390	Yoga	t1
ERR2247391	Yoga	t0
ERR2247392	Yoga	t1
ERR2247393	FODMAP	t1
ERR2247394	FODMAP	t1
ERR2247395	FODMAP	t1
ERR2247396	FODMAP	t1
ERR2247397	FODMAP	t1
ERR2247398	FODMAP	t1
ERR2247399	FODMAP	t1
ERR2247400	FODMAP	t1
ERR2247401	Yoga	t1
